-5.9	9.3	"a"
-5.08	8.27	"a"
-5.79	7.84	"a"
-4.55	8.03	"a"
-5.52	8.99	"a"
-5.32	6.64	"a"
-6.52	8.98	"a"
-6.11	7.11	"a"
-2.27	7.64	"a"
-3.15	7.86	"a"
-5.38	6.68	"a"
-4.5	7.39	"a"
-5.8	8.45	"a"
-5.79	5.59	"a"
-5.56	9.69	"a"
-4.06	7.03	"a"
-5.16	9.49	"a"
-5.52	6.98	"a"
-3.62	5.82	"a"
-5.37	7.43	"a"
-4.91	7.45	"a"
-5.92	9	"a"
-3.87	8.75	"a"
-4.45	8.72	"a"
-3.97	8.7	"a"
-4.69	8.81	"a"
-4.4	7.83	"a"
-4.95	7	"a"
-4.8	8.58	"a"
-4.18	10.11	"a"
-5.15	8.06	"a"
-5.39	8.05	"a"
-3.61	8.71	"a"
-6.59	7.9	"a"
-5.06	6.8	"a"
-4.1	8.26	"a"
-3.67	7.84	"a"
-4.09	7.83	"a"
-4.22	9.1	"a"
-5.58	8.38	"a"
-4.88	6.42	"a"
-3.66	6.9	"a"
-5.7	8.21	"a"
-3.39	7.55	"a"
-4.11	7.73	"a"
-4.54	6.83	"a"
-3.94	8.13	"a"
-3.73	9.04	"a"
-5.08	9.28	"a"
-4.85	8.35	"a"
-5.75	7.11	"a"
-5.24	8.06	"a"
-4.54	6.11	"a"
-5.94	9.71	"a"
-5.62	8.29	"a"
-6.62	7.94	"a"
-6.95	8.36	"a"
-3.97	7.19	"a"
-5.72	8.3	"a"
-7	8.45	"a"
-4.07	10.24	"a"
-3.93	8.85	"a"
-4.52	7.07	"a"
-5.54	8	"a"
-5.43	8.2	"a"
-4.4	8.29	"a"
-5.16	8.96	"a"
-4.68	8.2	"a"
-4.27	7.14	"a"
-4.67	9.08	"a"
-3.32	8.91	"a"
-4.62	7.66	"a"
-6.36	9.38	"a"
-5.11	8.3	"a"
-5.69	7.51	"a"
-5.05	6.77	"a"
-5.89	8.72	"a"
-5.01	9.1	"a"
-4.78	6.22	"a"
-4.35	8.25	"a"
-5.23	9.06	"a"
-5.26	8.65	"a"
-4.59	9.41	"a"
-3.4	7.17	"a"
-4.95	8.48	"a"
-3.28	7.41	"a"
-5.51	7.76	"a"
-3.79	8.02	"a"
-3.24	8.8	"a"
-3.74	8.8	"a"
-4.92	8.5	"a"
-4.84	8.53	"a"
-5.33	7.52	"a"
-5.16	8.06	"a"
-3.38	8.28	"a"
-4.65	8.9	"a"
-6.02	8.94	"a"
-4.5	6.79	"a"
-4.75	8.33	"a"
-4.86	7.77	"a"
-5.05	6.13	"a"
-4.18	6.79	"a"
-4.41	9.04	"a"
-5.64	8.02	"a"
-5.06	6.97	"a"
-4.8	7.97	"a"
-5.61	8.88	"a"
-5.63	8.48	"a"
-4.51	9.14	"a"
-5.89	8.44	"a"
-3.81	7.85	"a"
-2.15	7.69	"a"
-5.8	8.14	"a"
-4.61	8.92	"a"
-2.97	7.38	"a"
-5.76	8.07	"a"
-5.87	9.34	"a"
-4.72	8.42	"a"
-5.58	6.54	"a"
-4.36	8.09	"a"
-6.04	7.17	"a"
-5.81	8.78	"a"
-5.1	8.97	"a"
-3.08	7.9	"a"
-3.86	8.19	"a"
-4.18	7.92	"a"
-2.74	9.85	"a"
-4.69	8.27	"a"
-5.3	6.76	"a"
-4.5	8.39	"a"
-5.36	7.28	"a"
-5.11	7.72	"a"
-4.48	8.04	"a"
-4.22	9.05	"a"
-5.31	8.51	"a"
-5.04	7.03	"a"
-3.44	8.62	"a"
-4.57	9.1	"a"
-5.49	7.35	"a"
-4.99	9.9	"a"
-4.36	6.84	"a"
-4.54	8.03	"a"
-6.4	6.37	"a"
-2.23	8.31	"a"
-5.07	7.32	"a"
-4.16	7.8	"a"
-3.99	7.63	"a"
-5.34	7.95	"a"
-6.32	8.42	"a"
-5.81	7.02	"a"
-4.7	8.82	"a"
-5.53	8.55	"a"
-3.48	7.61	"a"
-5.21	9.28	"a"
-3.99	8.64	"a"
-5.66	7.87	"a"
-5.91	8.42	"a"
-5.54	8.64	"a"
-4.87	8.14	"a"
-5.33	8.39	"a"
-4.45	7.73	"a"
-4.36	7.71	"a"
-5.59	7.35	"a"
-5.56	7.49	"a"
-5.32	6.81	"a"
-5	8.36	"a"
-4.52	7.8	"a"
-5.03	7.88	"a"
-5.46	9.53	"a"
-5.66	8.76	"a"
-6.81	9.25	"a"
-5	7.38	"a"
-5.65	7.49	"a"
-4.88	9.09	"a"
-4.19	7.75	"a"
-5.07	8.29	"a"
-7.28	10.21	"a"
-4.35	7.57	"a"
-7.45	7.79	"a"
-5.62	7.32	"a"
-6.47	8.13	"a"
-3.66	7.11	"a"
-5.22	6.83	"a"
-4.92	7.85	"a"
-3.42	6.92	"a"
-4.13	5.44	"a"
-3.98	6.48	"a"
-4.96	7.39	"a"
-4.45	7.32	"a"
-4.88	8.58	"a"
-3.78	7.76	"a"
-5.76	7.95	"a"
-2.94	7.86	"a"
-4.59	6.66	"a"
-4.47	9.36	"a"
-5.2	7.77	"a"
-4.18	8.45	"a"
-4.87	7.84	"a"
-3.9	7.93	"a"
-5.11	9.11	"a"
-5.39	7.72	"a"
-5.44	8.78	"a"
-4.21	6.88	"a"
-5.6	9.36	"a"
-4.77	7.61	"a"
-6.59	8.14	"a"
-6.3	6.29	"a"
-4.9	8.03	"a"
-5.57	5.57	"a"
-4.61	9.37	"a"
-5.64	9.01	"a"
-3.49	6.88	"a"
-3.92	9.9	"a"
-3.07	9.27	"a"
-3.84	6.97	"a"
-3.68	7.66	"a"
-3.14	7.9	"a"
-5.64	7.89	"a"
-2.77	6.83	"a"
-4.66	9.78	"a"
-3.5	8.25	"a"
-4.75	7.6	"a"
-5.42	9.17	"a"
-5.73	5.81	"a"
-5.13	7.97	"a"
-5.65	7.63	"a"
-5.15	6.87	"a"
-4.52	8.22	"a"
-4.23	7.9	"a"
-3.35	8.97	"a"
-5.1	8.55	"a"
-6.43	9.01	"a"
-4.2	7.76	"a"
-4.98	7.41	"a"
-6.24	7.51	"a"
-5.97	8.64	"a"
-4.41	8.78	"a"
-6.14	8.49	"a"
-5.38	8.34	"a"
-5.45	6.77	"a"
-6.2	8.98	"a"
-7.55	5.66	"a"
-5.15	5.99	"a"
-4.85	7.55	"a"
-5.36	6.61	"a"
-5.09	8.65	"a"
-1.77	9.68	"a"
-5.27	6.32	"a"
-4.13	10.01	"a"
-3.56	6.86	"a"
-4.25	7.36	"a"
-5.82	6.95	"a"
-3.39	7.42	"a"
-4.86	8.66	"a"
-6.04	9.04	"a"
-4.55	7.28	"a"
-5.4	7.81	"a"
-4.78	8.77	"a"
-5.92	9.3	"a"
-4.14	8.48	"a"
-7.02	6.03	"a"
-4.55	8.31	"a"
-4.63	6.93	"a"
-7.57	6.52	"a"
-4.4	7.15	"a"
-4.08	7.15	"a"
-6.46	9.19	"a"
-4.92	7.75	"a"
-4.41	8.48	"a"
-5	7.37	"a"
-5.51	7.12	"a"
-7.25	7.61	"a"
-4.77	9.26	"a"
-4.58	9.79	"a"
-5.73	7.57	"a"
-5.61	8.67	"a"
-5.96	8.26	"a"
-5.31	7.53	"a"
-4.5	9.07	"a"
-4.86	8.46	"a"
-5.54	8.79	"a"
-4.16	6.73	"a"
-5.15	7.85	"a"
-6.18	7.99	"a"
-5.69	9.88	"a"
-4.7	7.06	"a"
-4.59	6.67	"a"
-4.56	8.22	"a"
-5.59	6.77	"a"
-4.01	8.36	"a"
-5.89	9.74	"a"
-6.86	8.14	"a"
-4.75	9.72	"a"
-5.02	6.44	"a"
-4.88	8.59	"a"
-5.37	7.5	"a"
-5.02	6.95	"a"
-5.19	7.79	"a"
-5.56	8.11	"a"
-4.05	7.84	"a"
-4.81	8.25	"a"
-4.33	7.79	"a"
-4.85	7.68	"a"
-5.63	9.44	"a"
-6.4	8.04	"a"
-4.09	6.21	"a"
-5.49	8.21	"a"
-3.14	8.78	"a"
-6.8	7.86	"a"
-6.1	8.66	"a"
-5.77	7.67	"a"
-5.98	7.74	"a"
-4.81	6.82	"a"
-4.28	7.23	"a"
-2.9	7.14	"a"
-6.97	6.47	"a"
-5.2	8.71	"a"
-3.16	6.13	"a"
-6.61	8.63	"a"
-5.86	8.01	"a"
-6.22	7.28	"a"
-4.18	8.71	"a"
-4.69	9.3	"a"
-5.82	7.43	"a"
-5.13	7.94	"a"
-4.04	8.96	"a"
-3.87	7.49	"a"
-4.6	7.12	"a"
-4.13	8.71	"a"
-3.67	7.77	"a"
-4.05	8.29	"a"
-6.03	9.27	"a"
-4.84	9.66	"a"
-4.12	8.65	"a"
-5.27	8.62	"a"
-6.09	7.26	"a"
-6	8.13	"a"
-4.28	10.67	"a"
-4.63	6.08	"a"
-5.09	8.63	"a"
-4.23	8.2	"a"
-3.75	7.94	"a"
-6.96	7.47	"a"
-4.22	7.78	"a"
-4.68	8.05	"a"
-3.84	7.01	"a"
-5.84	7.79	"a"
-4.05	9.55	"a"
-2.52	8.28	"a"
-4.89	8.08	"a"
-4.69	7.94	"a"
-3.49	8.99	"a"
-4.42	7.63	"a"
-5.62	8.3	"a"
-5.23	8.23	"a"
-4.49	8.91	"a"
-6.22	6.97	"a"
-6.07	9.47	"a"
-4.47	8.66	"a"
-5.05	9.47	"a"
-6.3	9.7	"a"
-6.21	8.38	"a"
-4.08	7.44	"a"
-5.68	8.3	"a"
-5.25	7.85	"a"
-5.35	7.73	"a"
-5.48	9.25	"a"
-5.04	6.68	"a"
-4.73	8.05	"a"
-4.36	8.3	"a"
-4.31	7.38	"a"
-3.93	8.61	"a"
-3.62	8.71	"a"
-4.73	7.4	"a"
-7.13	6.71	"a"
-6.06	9.27	"a"
-4.09	8.07	"a"
-4.1	8.86	"a"
-6.59	10.18	"a"
-4.6	8.31	"a"
-3.78	9.41	"a"
-5.71	8.72	"a"
-3.76	7.14	"a"
-5.35	7.76	"a"
-7.45	7.62	"a"
-3.88	8.36	"a"
-4.97	8.02	"a"
-5.62	8.03	"a"
-5.49	7.75	"a"
-5.2	8.32	"a"
-6.86	7.12	"a"
-4.11	9.03	"a"
-4.9	8.27	"a"
-4.38	6.03	"a"
-4.45	8.32	"a"
-4.33	6.51	"a"
-6.55	8.93	"a"
-5.18	10.25	"a"
-4.88	6.85	"a"
-4.63	7.71	"a"
-2.66	9.1	"a"
-4.69	9.05	"a"
-5.63	8.52	"a"
-5.01	8.99	"a"
-4	8.46	"a"
-4.32	8.6	"a"
-4.97	9.03	"a"
-4.87	7.67	"a"
-5.02	9.17	"a"
-5.44	6.65	"a"
-6.17	9.05	"a"
-5.06	8.82	"a"
-5.23	6.65	"a"
-5.36	8.61	"a"
-6.02	9.19	"a"
-5.61	8.01	"a"
-5.08	8.27	"a"
-2.04	7.84	"a"
-4.04	7.43	"a"
-4.03	8.72	"a"
-4.9	6.66	"a"
-4.92	6.61	"a"
-5.1	6.87	"a"
-5.54	7.67	"a"
-6.42	6.54	"a"
-3.88	7.77	"a"
-5.46	9.22	"a"
-6.3	9	"a"
-4.98	6.03	"a"
-4.9	10.15	"a"
-5.96	6.14	"a"
-4.75	7	"a"
-6.9	8.5	"a"
-5.75	6.4	"a"
-4.7	8.58	"a"
-3.9	9.45	"a"
-5.08	8.55	"a"
-3.48	7.57	"a"
-5.11	6.16	"a"
-5.61	9.51	"a"
-4.66	7.75	"a"
-5.03	9.35	"a"
-4.46	8.46	"a"
-6.13	8.38	"a"
-5.16	8.65	"a"
-5.53	7.17	"a"
-5.21	6.49	"a"
-6.16	7.87	"a"
-4.73	8.17	"a"
-5.04	9.21	"a"
-4.86	8.29	"a"
-6.26	7.88	"a"
-5.27	6.78	"a"
-5.56	7.33	"a"
-3.15	8.49	"a"
-4.2	7.1	"a"
-3.99	7.75	"a"
-5.29	8.45	"a"
-4.43	7.94	"a"
-4.89	8.14	"a"
-6.01	7.87	"a"
-3.69	6.98	"a"
-5.58	9.38	"a"
-7.13	8.98	"a"
-5.54	8.39	"a"
-4.98	7.46	"a"
-5.03	9.69	"a"
-6.68	8.64	"a"
-5.03	7.3	"a"
-4.03	7.73	"a"
-5.77	7.88	"a"
-5.15	7.22	"a"
-4.76	7.71	"a"
-7.39	7.68	"a"
-2.51	7.75	"a"
-4.66	9.04	"a"
-4.96	6.66	"a"
-4.86	9.26	"a"
-4.33	7.6	"a"
-5.78	9.18	"a"
-5.91	6.74	"a"
-5.24	7.71	"a"
-4.64	8.33	"a"
-6.53	6.55	"a"
-4.02	7.71	"a"
-5.47	7.82	"a"
-5.94	8.74	"a"
-5.85	7.08	"a"
-3.58	10.36	"a"
-5.48	7.78	"a"
-4.51	9.11	"a"
-6.47	8.08	"a"
-5.68	8.08	"a"
-4.82	7.98	"a"
-4.74	7.7	"a"
-3.4	8.91	"a"
-6.47	9.14	"a"
-3.85	8.1	"a"
-5.36	7.52	"a"
-5.89	9.07	"a"
-6.66	8.52	"a"
-4.58	7.78	"a"
-4.56	8.69	"a"
-3.65	7.57	"a"
-4.53	9.98	"a"
-5.3	10.21	"a"
-4.7	6.18	"a"
-5.79	8.25	"a"
-3.44	7.3	"a"
-2.36	8.66	"a"
-6.32	8.26	"a"
-3.86	7.78	"a"
-4.55	9.06	"a"
-3.84	7.73	"a"
-6.09	6.93	"a"
-3.05	8.2	"a"
-4.76	6.46	"a"
-4.83	8.28	"a"
-4.8	8.47	"a"
-5.25	8.49	"a"
-4.6	8.61	"a"
-2.95	10.19	"a"
-6.06	9.13	"a"
-6.44	7.78	"a"
-3.9	7.05	"a"
-6.36	8.53	"a"
-4.65	7.82	"a"
-6.95	9.73	"a"
-4.42	8.36	"a"
-6.56	6.98	"a"
-5.63	8.1	"a"
-4.19	8.15	"a"
-6	8.57	"a"
-6.12	7.26	"a"
-4.8	8.14	"a"
-4.12	8.83	"a"
-4.43	7.78	"a"
-6.39	7.27	"a"
-4.55	8.08	"a"
-5.19	7.92	"a"
-6.03	9.2	"a"
-5.24	8.46	"a"
-5.35	7.42	"a"
-6.09	8.26	"a"
-6.17	7.26	"a"
-5.6	7.6	"a"
-4.43	6.81	"a"
-5.89	6.92	"a"
-5.23	6.93	"a"
-5.44	7.82	"a"
-5.78	7.64	"a"
-6.13	4.72	"a"
-4.03	8.94	"a"
-5	7.15	"a"
-3.19	7.71	"a"
-4.66	10.45	"a"
-4.72	8.9	"a"
-3.54	9.09	"a"
-4.82	9.24	"a"
-4.44	6.69	"a"
-5.18	9.68	"a"
-5.87	7.21	"a"
-5.45	7.34	"a"
-4.92	7.59	"a"
-5.35	7.86	"a"
-5.42	9.44	"a"
-3.2	6.64	"a"
-4.3	10.15	"a"
-5.35	7.99	"a"
-6.59	8.77	"a"
-5.12	8.27	"a"
-3.78	8.03	"a"
-3.87	8.15	"a"
-5.56	10.1	"a"
-3.94	7.92	"a"
-4.87	6.97	"a"
-5.47	8.37	"a"
-4.51	8.04	"a"
-5.88	8.3	"a"
-4.9	8.56	"a"
-4.79	8.46	"a"
-2.92	7.77	"a"
-4.53	6.81	"a"
-5.68	8.3	"a"
-3.4	9.15	"a"
-5.86	6.13	"a"
-6.26	6.71	"a"
-3.61	8.39	"a"
-5.25	6	"a"
-6.53	8.97	"a"
-4.51	8.17	"a"
-5.25	8.01	"a"
-4.03	6.94	"a"
-4.15	9.05	"a"
-4.84	9.49	"a"
-3.99	8.29	"a"
-4.93	9.23	"a"
-5.37	7.24	"a"
-3.35	7.68	"a"
-6.47	8.81	"a"
-4.85	8.33	"a"
-4.72	6.95	"a"
-4.98	9.26	"a"
-4.34	8.11	"a"
-4.81	9.1	"a"
-5.36	7.4	"a"
-6.9	8.02	"a"
-4.81	9.44	"a"
-4.72	8.29	"a"
-4.36	6.68	"a"
-3.52	6.94	"a"
-5.92	9.44	"a"
-5.21	9.46	"a"
-4.8	7.69	"a"
-3.86	7.3	"a"
-5.66	8.75	"a"
-6.13	8.25	"a"
-4.25	7.2	"a"
-5.45	8.76	"a"
-3.87	8.31	"a"
-4.58	8.75	"a"
-5.86	7.53	"a"
-4.36	9.26	"a"
-5.47	10.04	"a"
-5.02	8.72	"a"
-5.97	8.1	"a"
-4.68	9.36	"a"
-5.07	9	"a"
-5.82	8.29	"a"
-5	6.09	"a"
-6.27	7.16	"a"
-5.15	5.75	"a"
-5.26	8.05	"a"
-5.47	5.61	"a"
-4.96	7.75	"a"
-5.93	9.05	"a"
-6.4	7.85	"a"
-5.57	6.63	"a"
-6.14	5.55	"a"
-6.67	7.76	"a"
-5.68	10.76	"a"
-4.83	7.82	"a"
-7.16	8.6	"a"
-5.72	7.38	"a"
-5.69	8.57	"a"
-3.86	6.35	"a"
-6.37	7.53	"a"
-5.24	7.32	"a"
-5.48	9.35	"a"
-5.11	5.6	"a"
-6.58	9.54	"a"
-2.49	7.65	"a"
-3.09	7.86	"a"
-4.73	8.3	"a"
-3.51	6.86	"a"
-4.08	7.18	"a"
-4.72	8.89	"a"
-4.65	9.65	"a"
-4.8	6.43	"a"
-5.72	6.79	"a"
-3.89	7.96	"a"
-4.15	8.58	"a"
-5.31	7.84	"a"
-4.63	7.52	"a"
-4.15	7.78	"a"
-3.25	8.85	"a"
-4.81	7.58	"a"
-6.8	9.24	"a"
-4.96	8.37	"a"
-3.9	7.79	"a"
-5.7	7.09	"a"
-4.83	6.5	"a"
-6.12	8.59	"a"
-6.82	9.36	"a"
-5.76	10.03	"a"
-5.19	7.36	"a"
-6.88	7.35	"a"
-5.4	9.26	"a"
-5.04	8.26	"a"
-2.96	8.2	"a"
-4.27	6.53	"a"
-5.41	7.42	"a"
-6.79	8.41	"a"
-4.34	7.81	"a"
-5.89	6.12	"a"
-5.96	6.28	"a"
-5.08	8.15	"a"
-5.75	7.29	"a"
-3.8	6.54	"a"
-5.03	8.89	"a"
-5.79	8.51	"a"
-4.08	8.01	"a"
-4.54	8.56	"a"
-3.4	8.59	"a"
-5.5	7.42	"a"
-4.7	10.2	"a"
-5.35	8.41	"a"
-3.3	8.57	"a"
-5.09	7.88	"a"
-4.83	9.11	"a"
-3.65	8.63	"a"
-4.5	6.9	"a"
-6	6.08	"a"
-6.03	6.48	"a"
-4.53	8.7	"a"
-5.33	7.32	"a"
-5.7	8.15	"a"
-5.81	10.03	"a"
-5.62	6.92	"a"
-5.03	9.81	"a"
-4.79	9.06	"a"
-6.54	7.24	"a"
-4.84	5.89	"a"
-5.82	6.84	"a"
-6.93	7.99	"a"
-5.4	6.68	"a"
-4.67	10.97	"a"
-4.18	7.67	"a"
-5.42	7.81	"a"
-4.04	6.99	"a"
-5.5	6.84	"a"
-5.42	6.32	"a"
-5.49	7.63	"a"
-6.62	6.95	"a"
-5.96	8.26	"a"
-5.16	7.61	"a"
-5.43	9.34	"a"
-4.22	7.99	"a"
-5.15	9.35	"a"
-4.55	7.81	"a"
-4.65	8.68	"a"
-5.4	7.33	"a"
-5.45	9.23	"a"
-5.98	6.84	"a"
-5.68	8.38	"a"
-4.95	6.97	"a"
-4.82	7.62	"a"
-6.68	8.38	"a"
-5.58	7.11	"a"
-5.64	8.73	"a"
-5.23	8.14	"a"
-7.4	7.71	"a"
-4.52	7.62	"a"
-6.5	10.21	"a"
-6.96	7.67	"a"
-4.29	9.55	"a"
-5.63	8.23	"a"
-4.69	8.04	"a"
-5.28	8.51	"a"
-4.2	9.58	"a"
-5.87	8.33	"a"
-6.28	10.47	"a"
-4.41	8.58	"a"
-4.95	7.68	"a"
-5.65	10.23	"a"
-4.79	7.83	"a"
-4.47	8.36	"a"
-4.75	7.53	"a"
-6.23	10.56	"a"
-6.31	6.76	"a"
-5.96	6.97	"a"
-4.74	9.54	"a"
-5.65	8.71	"a"
-4.54	8.91	"a"
-4.91	6.28	"a"
-5.32	8.62	"a"
-3.84	8.97	"a"
-3.94	6.37	"a"
-4.55	6.88	"a"
-5.07	7.56	"a"
-3.79	6.62	"a"
-5.59	7.83	"a"
-6.82	8.2	"a"
-4.61	9.04	"a"
-5.47	8.91	"a"
-4.48	8.15	"a"
-5.88	9.73	"a"
-5.54	7.98	"a"
-4.76	8.79	"a"
-4.76	7.71	"a"
-5.61	8.63	"a"
-5.01	8.61	"a"
-4.73	8.97	"a"
-3.35	8.72	"a"
-6.42	8.58	"a"
-6.84	8.65	"a"
-4.88	6.48	"a"
-4.64	8.29	"a"
-4.89	6.69	"a"
-5.64	9.42	"a"
-5.53	5.91	"a"
-6.77	6.71	"a"
-3.92	8.43	"a"
-4.32	11.21	"a"
-4.66	6.49	"a"
-5.15	8.02	"a"
-3.93	9.8	"a"
-5.8	8.34	"a"
-4.14	7.01	"a"
-3.68	9.43	"a"
-1.94	6.9	"a"
-5.59	9.63	"a"
-5.06	7.98	"a"
-4.38	8.18	"a"
-4.57	9.34	"a"
-3.25	7.78	"a"
-6.96	8.68	"a"
-4.26	7.05	"a"
-4.05	8.12	"a"
-3.13	7.75	"a"
-3.7	7.32	"a"
-5.95	7.55	"a"
-5.78	7.82	"a"
-5.91	7.65	"a"
-4.81	7.6	"a"
-5.42	6.57	"a"
-5.48	8.35	"a"
-7.18	9.42	"a"
-4.48	9.73	"a"
-3.83	8.17	"a"
-3.09	8.48	"a"
-4.29	8.12	"a"
-4.26	6.46	"a"
-5.42	6.81	"a"
-5.58	8.81	"a"
-4.17	8.27	"a"
-4.91	8.09	"a"
-5.26	7.93	"a"
-4.53	5.82	"a"
-5.94	7.55	"a"
-4.14	7.25	"a"
-5.4	8.66	"a"
-4.78	8.5	"a"
-3.05	10.03	"a"
-5.32	7.82	"a"
-3.95	6.22	"a"
-4.77	8.02	"a"
-2.94	6.9	"a"
-4.26	8.75	"a"
-5.36	6.38	"a"
-6.12	9.01	"a"
-4.48	7.26	"a"
-6.49	7.66	"a"
-6.69	6.52	"a"
-3.98	7.28	"a"
-6.24	8.17	"a"
-5.38	8.15	"a"
-4.06	7.65	"a"
-6.67	8.57	"a"
-6.97	8.07	"a"
-4.88	7.64	"a"
-4.56	7.91	"a"
-6.55	8.52	"a"
-5.26	9.55	"a"
-3.75	6.92	"a"
-5.66	7.51	"a"
-5.98	6.47	"a"
-4.26	6.95	"a"
-4.81	7.51	"a"
-5.17	8.08	"a"
-5.73	8.44	"a"
-3.44	9.16	"a"
-6.23	10.38	"a"
-6.99	6.71	"a"
-5.32	7.91	"a"
-5.06	7.14	"a"
-5.74	5.74	"a"
-3.19	7.39	"a"
-4.56	7.62	"a"
-5.93	7.79	"a"
-6.84	7.3	"a"
-5.17	6.84	"a"
-3.86	7.44	"a"
-5.18	7.24	"a"
-3.99	8.61	"a"
-5.06	8.66	"a"
-5.56	8.74	"a"
-5.33	8.05	"a"
-5.02	8.46	"a"
-5.49	8.43	"a"
-4.36	9.05	"a"
-3.8	9.7	"a"
-4.5	7.65	"a"
-6.04	7.32	"a"
-4.55	8.23	"a"
-5.34	7.49	"a"
-5.23	6.21	"a"
-6.88	9.25	"a"
-4.39	8.68	"a"
-4.76	9.34	"a"
-4.02	7.94	"a"
-4.5	8.31	"a"
-5.97	9.11	"a"
-4.69	7.05	"a"
-4.04	8.97	"a"
-5.48	7.52	"a"
-5.3	8.2	"a"
-7.22	9.2	"a"
-6.22	9.47	"a"
-4.33	6.97	"a"
-2.53	8.72	"a"
-5.82	8.28	"a"
-4.03	9.37	"a"
-3.29	8.54	"a"
-4.08	9	"a"
-5.49	8.32	"a"
-3.99	8.24	"a"
-5.97	7.48	"a"
-4.46	8.45	"a"
-5.77	7.88	"a"
-6.65	7.18	"a"
-5.04	5.44	"a"
-5.26	8.64	"a"
-5.34	8.56	"a"
-4.62	8.29	"a"
-4.67	7.38	"a"
-5.69	9.95	"a"
-4.85	7.43	"a"
-6.3	8.52	"a"
-4.03	7.24	"a"
-6.79	9.52	"a"
-6.14	9.22	"a"
-6.08	7.22	"a"
-5.23	9.43	"a"
-4.89	8.89	"a"
-4.57	7.28	"a"
-3.97	5.98	"a"
-4.75	7.19	"a"
-6.68	10.08	"a"
-5.4	8.79	"a"
-4.47	8.69	"a"
-2.56	8.39	"a"
-5.22	8.61	"a"
-4.82	10.01	"a"
-5.05	9.1	"a"
-3.91	8.13	"a"
-4.27	7.57	"a"
-4.84	9.18	"a"
-5.09	7.8	"a"
-4.03	7.44	"a"
-7.38	7.34	"a"
-3.44	7.43	"a"
-3.97	9.24	"a"
-4.46	7.84	"a"
-4.44	9.61	"a"
-4.12	6.79	"a"
-3.43	8.39	"a"
-2.64	8.09	"a"
-4.65	5.87	"a"
-4.14	9.11	"a"
-4.97	7.61	"a"
-6.36	7.42	"a"
-4.41	8.17	"a"
-4.32	5.9	"a"
-5.9	7.46	"a"
-5.28	9.38	"a"
-7.4	7.88	"a"
-5.43	7.4	"a"
-4.29	8.06	"a"
-5.31	7.52	"a"
-4.8	7.88	"a"
-2.67	8.08	"a"
-3.33	8.14	"a"
-6.33	7.7	"a"
-5.73	8.41	"a"
-3.76	6.52	"a"
-4.7	8.3	"a"
-5.01	7.24	"a"
-5.61	9.07	"a"
-4.69	9.04	"a"
-3.54	6.61	"a"
-6.04	7.43	"a"
-4.83	8.1	"a"
-3.37	9.73	"a"
-6.68	7.39	"a"
-5.56	8.59	"a"
-5.13	7.85	"a"
-4.64	7.25	"a"
-3.92	7.1	"a"
-5.31	9.4	"a"
-5.36	8.85	"a"
-5.25	8.16	"a"
-5.26	7.88	"a"
-4.33	6.88	"a"
-4.48	8.52	"a"
-4.6	6.66	"a"
-4.81	7.61	"a"
-5.07	9.47	"a"
-5.01	8.01	"a"
-5.77	8.97	"a"
-7.61	10.51	"a"
-6.8	9.37	"a"
-5.24	10.08	"a"
-5.05	8.28	"a"
-3.5	6.94	"a"
-5.52	6.35	"a"
-5.42	8.48	"a"
-4.43	6.48	"a"
-3.85	8.54	"a"
-5.91	6.99	"a"
4.1	4.3	"b"
4.92	3.27	"b"
4.21	2.84	"b"
5.45	3.03	"b"
4.48	3.99	"b"
4.68	1.64	"b"
3.48	3.98	"b"
3.89	2.11	"b"
7.73	2.64	"b"
6.85	2.86	"b"
4.62	1.68	"b"
5.5	2.39	"b"
4.2	3.45	"b"
4.21	0.59	"b"
4.44	4.69	"b"
5.94	2.03	"b"
4.84	4.49	"b"
4.48	1.98	"b"
6.38	0.82	"b"
4.63	2.43	"b"
5.09	2.45	"b"
4.08	4	"b"
6.13	3.75	"b"
5.55	3.72	"b"
6.03	3.7	"b"
5.31	3.81	"b"
5.6	2.83	"b"
5.05	2	"b"
5.2	3.58	"b"
5.82	5.11	"b"
4.85	3.06	"b"
4.61	3.05	"b"
6.39	3.71	"b"
3.41	2.9	"b"
4.94	1.8	"b"
5.9	3.26	"b"
6.33	2.84	"b"
5.91	2.83	"b"
5.78	4.1	"b"
4.42	3.38	"b"
5.12	1.42	"b"
6.34	1.9	"b"
4.3	3.21	"b"
6.61	2.55	"b"
5.89	2.73	"b"
5.46	1.83	"b"
6.06	3.13	"b"
6.27	4.04	"b"
4.92	4.28	"b"
5.15	3.35	"b"
4.25	2.11	"b"
4.76	3.06	"b"
5.46	1.11	"b"
4.06	4.71	"b"
4.38	3.29	"b"
3.38	2.94	"b"
3.05	3.36	"b"
6.03	2.19	"b"
4.28	3.3	"b"
3	3.45	"b"
5.93	5.24	"b"
6.07	3.85	"b"
5.48	2.07	"b"
4.46	3	"b"
4.57	3.2	"b"
5.6	3.29	"b"
4.84	3.96	"b"
5.32	3.2	"b"
5.73	2.14	"b"
5.33	4.08	"b"
6.68	3.91	"b"
5.38	2.66	"b"
3.64	4.38	"b"
4.89	3.3	"b"
4.31	2.51	"b"
4.95	1.77	"b"
4.11	3.72	"b"
4.99	4.1	"b"
5.22	1.22	"b"
5.65	3.25	"b"
4.77	4.06	"b"
4.74	3.65	"b"
5.41	4.41	"b"
6.6	2.17	"b"
5.05	3.48	"b"
6.72	2.41	"b"
4.49	2.76	"b"
6.21	3.02	"b"
6.76	3.8	"b"
6.26	3.8	"b"
5.08	3.5	"b"
5.16	3.53	"b"
4.67	2.52	"b"
4.84	3.06	"b"
6.62	3.28	"b"
5.35	3.9	"b"
3.98	3.94	"b"
5.5	1.79	"b"
5.25	3.33	"b"
5.14	2.77	"b"
4.95	1.13	"b"
5.82	1.79	"b"
5.59	4.04	"b"
4.36	3.02	"b"
4.94	1.97	"b"
5.2	2.97	"b"
4.39	3.88	"b"
4.37	3.48	"b"
5.49	4.14	"b"
4.11	3.44	"b"
6.19	2.85	"b"
7.85	2.69	"b"
4.2	3.14	"b"
5.39	3.92	"b"
7.03	2.38	"b"
4.24	3.07	"b"
4.13	4.34	"b"
5.28	3.42	"b"
4.42	1.54	"b"
5.64	3.09	"b"
3.96	2.17	"b"
4.19	3.78	"b"
4.9	3.97	"b"
6.92	2.9	"b"
6.14	3.19	"b"
5.82	2.92	"b"
7.26	4.85	"b"
5.31	3.27	"b"
4.7	1.76	"b"
5.5	3.39	"b"
4.64	2.28	"b"
4.89	2.72	"b"
5.52	3.04	"b"
5.78	4.05	"b"
4.69	3.51	"b"
4.96	2.03	"b"
6.56	3.62	"b"
5.43	4.1	"b"
4.51	2.35	"b"
5.01	4.9	"b"
5.64	1.84	"b"
5.46	3.03	"b"
3.6	1.37	"b"
7.77	3.31	"b"
4.93	2.32	"b"
5.84	2.8	"b"
6.01	2.63	"b"
4.66	2.95	"b"
3.68	3.42	"b"
4.19	2.02	"b"
5.3	3.82	"b"
4.47	3.55	"b"
6.52	2.61	"b"
4.79	4.28	"b"
6.01	3.64	"b"
4.34	2.87	"b"
4.09	3.42	"b"
4.46	3.64	"b"
5.13	3.14	"b"
4.67	3.39	"b"
5.55	2.73	"b"
5.64	2.71	"b"
4.41	2.35	"b"
4.44	2.49	"b"
4.68	1.81	"b"
5	3.36	"b"
5.48	2.8	"b"
4.97	2.88	"b"
4.54	4.53	"b"
4.34	3.76	"b"
3.19	4.25	"b"
5	2.38	"b"
4.35	2.49	"b"
5.12	4.09	"b"
5.81	2.75	"b"
4.93	3.29	"b"
2.72	5.21	"b"
5.65	2.57	"b"
2.55	2.79	"b"
4.38	2.32	"b"
3.53	3.13	"b"
6.34	2.11	"b"
4.78	1.83	"b"
5.08	2.85	"b"
6.58	1.92	"b"
5.87	0.44	"b"
6.02	1.48	"b"
5.04	2.39	"b"
5.55	2.32	"b"
5.12	3.58	"b"
6.22	2.76	"b"
4.24	2.95	"b"
7.06	2.86	"b"
5.41	1.66	"b"
5.53	4.36	"b"
4.8	2.77	"b"
5.82	3.45	"b"
5.13	2.84	"b"
6.1	2.93	"b"
4.89	4.11	"b"
4.61	2.72	"b"
4.56	3.78	"b"
5.79	1.88	"b"
4.4	4.36	"b"
5.23	2.61	"b"
3.41	3.14	"b"
3.7	1.29	"b"
5.1	3.03	"b"
4.43	0.57	"b"
5.39	4.37	"b"
4.36	4.01	"b"
6.51	1.88	"b"
6.08	4.9	"b"
6.93	4.27	"b"
6.16	1.97	"b"
6.32	2.66	"b"
6.86	2.9	"b"
4.36	2.89	"b"
7.23	1.83	"b"
5.34	4.78	"b"
6.5	3.25	"b"
5.25	2.6	"b"
4.58	4.17	"b"
4.27	0.81	"b"
4.87	2.97	"b"
4.35	2.63	"b"
4.85	1.87	"b"
5.48	3.22	"b"
5.77	2.9	"b"
6.65	3.97	"b"
4.9	3.55	"b"
3.57	4.01	"b"
5.8	2.76	"b"
5.02	2.41	"b"
3.76	2.51	"b"
4.03	3.64	"b"
5.59	3.78	"b"
3.86	3.49	"b"
4.62	3.34	"b"
4.55	1.77	"b"
3.8	3.98	"b"
2.45	0.66	"b"
4.85	0.99	"b"
5.15	2.55	"b"
4.64	1.61	"b"
4.91	3.65	"b"
8.23	4.68	"b"
4.73	1.32	"b"
5.87	5.01	"b"
6.44	1.86	"b"
5.75	2.36	"b"
4.18	1.95	"b"
6.61	2.42	"b"
5.14	3.66	"b"
3.96	4.04	"b"
5.45	2.28	"b"
4.6	2.81	"b"
5.22	3.77	"b"
4.08	4.3	"b"
5.86	3.48	"b"
2.98	1.03	"b"
5.45	3.31	"b"
5.37	1.93	"b"
2.43	1.52	"b"
5.6	2.15	"b"
5.92	2.15	"b"
3.54	4.19	"b"
5.08	2.75	"b"
5.59	3.48	"b"
5	2.37	"b"
4.49	2.12	"b"
2.75	2.61	"b"
5.23	4.26	"b"
5.42	4.79	"b"
4.27	2.57	"b"
4.39	3.67	"b"
4.04	3.26	"b"
4.69	2.53	"b"
5.5	4.07	"b"
5.14	3.46	"b"
4.46	3.79	"b"
5.84	1.73	"b"
4.85	2.85	"b"
3.82	2.99	"b"
4.31	4.88	"b"
5.3	2.06	"b"
5.41	1.67	"b"
5.44	3.22	"b"
4.41	1.77	"b"
5.99	3.36	"b"
4.11	4.74	"b"
3.14	3.14	"b"
5.25	4.72	"b"
4.98	1.44	"b"
5.12	3.59	"b"
4.63	2.5	"b"
4.98	1.95	"b"
4.81	2.79	"b"
4.44	3.11	"b"
5.95	2.84	"b"
5.19	3.25	"b"
5.67	2.79	"b"
5.15	2.68	"b"
4.37	4.44	"b"
3.6	3.04	"b"
5.91	1.21	"b"
4.51	3.21	"b"
6.86	3.78	"b"
3.2	2.86	"b"
3.9	3.66	"b"
4.23	2.67	"b"
4.02	2.74	"b"
5.19	1.82	"b"
5.72	2.23	"b"
7.1	2.14	"b"
3.03	1.47	"b"
4.8	3.71	"b"
6.84	1.13	"b"
3.39	3.63	"b"
4.14	3.01	"b"
3.78	2.28	"b"
5.82	3.71	"b"
5.31	4.3	"b"
4.18	2.43	"b"
4.87	2.94	"b"
5.96	3.96	"b"
6.13	2.49	"b"
5.4	2.12	"b"
5.87	3.71	"b"
6.33	2.77	"b"
5.95	3.29	"b"
3.97	4.27	"b"
5.16	4.66	"b"
5.88	3.65	"b"
4.73	3.62	"b"
3.91	2.26	"b"
4	3.13	"b"
5.72	5.67	"b"
5.37	1.08	"b"
4.91	3.63	"b"
5.77	3.2	"b"
6.25	2.94	"b"
3.04	2.47	"b"
5.78	2.78	"b"
5.32	3.05	"b"
6.16	2.01	"b"
4.16	2.79	"b"
5.95	4.55	"b"
7.48	3.28	"b"
5.11	3.08	"b"
5.31	2.94	"b"
6.51	3.99	"b"
5.58	2.63	"b"
4.38	3.3	"b"
4.77	3.23	"b"
5.51	3.91	"b"
3.78	1.97	"b"
3.93	4.47	"b"
5.53	3.66	"b"
4.95	4.47	"b"
3.7	4.7	"b"
3.79	3.38	"b"
5.92	2.44	"b"
4.32	3.3	"b"
4.75	2.85	"b"
4.65	2.73	"b"
4.52	4.25	"b"
4.96	1.68	"b"
5.27	3.05	"b"
5.64	3.3	"b"
5.69	2.38	"b"
6.07	3.61	"b"
6.38	3.71	"b"
5.27	2.4	"b"
2.87	1.71	"b"
3.94	4.27	"b"
5.91	3.07	"b"
5.9	3.86	"b"
3.41	5.18	"b"
5.4	3.31	"b"
6.22	4.41	"b"
4.29	3.72	"b"
6.24	2.14	"b"
4.65	2.76	"b"
2.55	2.62	"b"
6.12	3.36	"b"
5.03	3.02	"b"
4.38	3.03	"b"
4.51	2.75	"b"
4.8	3.32	"b"
3.14	2.12	"b"
5.89	4.03	"b"
5.1	3.27	"b"
5.62	1.03	"b"
5.55	3.32	"b"
5.67	1.51	"b"
3.45	3.93	"b"
4.82	5.25	"b"
5.12	1.85	"b"
5.37	2.71	"b"
7.34	4.1	"b"
5.31	4.05	"b"
4.37	3.52	"b"
4.99	3.99	"b"
6	3.46	"b"
5.68	3.6	"b"
5.03	4.03	"b"
5.13	2.67	"b"
4.98	4.17	"b"
4.56	1.65	"b"
3.83	4.05	"b"
4.94	3.82	"b"
4.77	1.65	"b"
4.64	3.61	"b"
3.98	4.19	"b"
4.39	3.01	"b"
4.92	3.27	"b"
7.96	2.84	"b"
5.96	2.43	"b"
5.97	3.72	"b"
5.1	1.66	"b"
5.08	1.61	"b"
4.9	1.87	"b"
4.46	2.67	"b"
3.58	1.54	"b"
6.12	2.77	"b"
4.54	4.22	"b"
3.7	4	"b"
5.02	1.03	"b"
5.1	5.15	"b"
4.04	1.14	"b"
5.25	2	"b"
3.1	3.5	"b"
4.25	1.4	"b"
5.3	3.58	"b"
6.1	4.45	"b"
4.92	3.55	"b"
6.52	2.57	"b"
4.89	1.16	"b"
4.39	4.51	"b"
5.34	2.75	"b"
4.97	4.35	"b"
5.54	3.46	"b"
3.87	3.38	"b"
4.84	3.65	"b"
4.47	2.17	"b"
4.79	1.49	"b"
3.84	2.87	"b"
5.27	3.17	"b"
4.96	4.21	"b"
5.14	3.29	"b"
3.74	2.88	"b"
4.73	1.78	"b"
4.44	2.33	"b"
6.85	3.49	"b"
5.8	2.1	"b"
6.01	2.75	"b"
4.71	3.45	"b"
5.57	2.94	"b"
5.11	3.14	"b"
3.99	2.87	"b"
6.31	1.98	"b"
4.42	4.38	"b"
2.87	3.98	"b"
4.46	3.39	"b"
5.02	2.46	"b"
4.97	4.69	"b"
3.32	3.64	"b"
4.97	2.3	"b"
5.97	2.73	"b"
4.23	2.88	"b"
4.85	2.22	"b"
5.24	2.71	"b"
2.61	2.68	"b"
7.49	2.75	"b"
5.34	4.04	"b"
5.04	1.66	"b"
5.14	4.26	"b"
5.67	2.6	"b"
4.22	4.18	"b"
4.09	1.74	"b"
4.76	2.71	"b"
5.36	3.33	"b"
3.47	1.55	"b"
5.98	2.71	"b"
4.53	2.82	"b"
4.06	3.74	"b"
4.15	2.08	"b"
6.42	5.36	"b"
4.52	2.78	"b"
5.49	4.11	"b"
3.53	3.08	"b"
4.32	3.08	"b"
5.18	2.98	"b"
5.26	2.7	"b"
6.6	3.91	"b"
3.53	4.14	"b"
6.15	3.1	"b"
4.64	2.52	"b"
4.11	4.07	"b"
3.34	3.52	"b"
5.42	2.78	"b"
5.44	3.69	"b"
6.35	2.57	"b"
5.47	4.98	"b"
4.7	5.21	"b"
5.3	1.18	"b"
4.21	3.25	"b"
6.56	2.3	"b"
7.64	3.66	"b"
3.68	3.26	"b"
6.14	2.78	"b"
5.45	4.06	"b"
6.16	2.73	"b"
3.91	1.93	"b"
6.95	3.2	"b"
5.24	1.46	"b"
5.17	3.28	"b"
5.2	3.47	"b"
4.75	3.49	"b"
5.4	3.61	"b"
7.05	5.19	"b"
3.94	4.13	"b"
3.56	2.78	"b"
6.1	2.05	"b"
3.64	3.53	"b"
5.35	2.82	"b"
3.05	4.73	"b"
5.58	3.36	"b"
3.44	1.98	"b"
4.37	3.1	"b"
5.81	3.15	"b"
4	3.57	"b"
3.88	2.26	"b"
5.2	3.14	"b"
5.88	3.83	"b"
5.57	2.78	"b"
3.61	2.27	"b"
5.45	3.08	"b"
4.81	2.92	"b"
3.97	4.2	"b"
4.76	3.46	"b"
4.65	2.42	"b"
3.91	3.26	"b"
3.83	2.26	"b"
4.4	2.6	"b"
5.57	1.81	"b"
4.11	1.92	"b"
4.77	1.93	"b"
4.56	2.82	"b"
4.22	2.64	"b"
3.87	-0.28	"b"
5.97	3.94	"b"
5	2.15	"b"
6.81	2.71	"b"
5.34	5.45	"b"
5.28	3.9	"b"
6.46	4.09	"b"
5.18	4.24	"b"
5.56	1.69	"b"
4.82	4.68	"b"
4.13	2.21	"b"
4.55	2.34	"b"
5.08	2.59	"b"
4.65	2.86	"b"
4.58	4.44	"b"
6.8	1.64	"b"
5.7	5.15	"b"
4.65	2.99	"b"
3.41	3.77	"b"
4.88	3.27	"b"
6.22	3.03	"b"
6.13	3.15	"b"
4.44	5.1	"b"
6.06	2.92	"b"
5.13	1.97	"b"
4.53	3.37	"b"
5.49	3.04	"b"
4.12	3.3	"b"
5.1	3.56	"b"
5.21	3.46	"b"
7.08	2.77	"b"
5.47	1.81	"b"
4.32	3.3	"b"
6.6	4.15	"b"
4.14	1.13	"b"
3.74	1.71	"b"
6.39	3.39	"b"
4.75	1	"b"
3.47	3.97	"b"
5.49	3.17	"b"
4.75	3.01	"b"
5.97	1.94	"b"
5.85	4.05	"b"
5.16	4.49	"b"
6.01	3.29	"b"
5.07	4.23	"b"
4.63	2.24	"b"
6.65	2.68	"b"
3.53	3.81	"b"
5.15	3.33	"b"
5.28	1.95	"b"
5.02	4.26	"b"
5.66	3.11	"b"
5.19	4.1	"b"
4.64	2.4	"b"
3.1	3.02	"b"
5.19	4.44	"b"
5.28	3.29	"b"
5.64	1.68	"b"
6.48	1.94	"b"
4.08	4.44	"b"
4.79	4.46	"b"
5.2	2.69	"b"
6.14	2.3	"b"
4.34	3.75	"b"
3.87	3.25	"b"
5.75	2.2	"b"
4.55	3.76	"b"
6.13	3.31	"b"
5.42	3.75	"b"
4.14	2.53	"b"
5.64	4.26	"b"
4.53	5.04	"b"
4.98	3.72	"b"
4.03	3.1	"b"
5.32	4.36	"b"
4.93	4	"b"
4.18	3.29	"b"
5	1.09	"b"
3.73	2.16	"b"
4.85	0.75	"b"
4.74	3.05	"b"
4.53	0.61	"b"
5.04	2.75	"b"
4.07	4.05	"b"
3.6	2.85	"b"
4.43	1.63	"b"
3.86	0.55	"b"
3.33	2.76	"b"
4.32	5.76	"b"
5.17	2.82	"b"
2.84	3.6	"b"
4.28	2.38	"b"
4.31	3.57	"b"
6.14	1.35	"b"
3.63	2.53	"b"
4.76	2.32	"b"
4.52	4.35	"b"
4.89	0.6	"b"
3.42	4.54	"b"
7.51	2.65	"b"
6.91	2.86	"b"
5.27	3.3	"b"
6.49	1.86	"b"
5.92	2.18	"b"
5.28	3.89	"b"
5.35	4.65	"b"
5.2	1.43	"b"
4.28	1.79	"b"
6.11	2.96	"b"
5.85	3.58	"b"
4.69	2.84	"b"
5.37	2.52	"b"
5.85	2.78	"b"
6.75	3.85	"b"
5.19	2.58	"b"
3.2	4.24	"b"
5.04	3.37	"b"
6.1	2.79	"b"
4.3	2.09	"b"
5.17	1.5	"b"
3.88	3.59	"b"
3.18	4.36	"b"
4.24	5.03	"b"
4.81	2.36	"b"
3.12	2.35	"b"
4.6	4.26	"b"
4.96	3.26	"b"
7.04	3.2	"b"
5.73	1.53	"b"
4.59	2.42	"b"
3.21	3.41	"b"
5.66	2.81	"b"
4.11	1.12	"b"
4.04	1.28	"b"
4.92	3.15	"b"
4.25	2.29	"b"
6.2	1.54	"b"
4.97	3.89	"b"
4.21	3.51	"b"
5.92	3.01	"b"
5.46	3.56	"b"
6.6	3.59	"b"
4.5	2.42	"b"
5.3	5.2	"b"
4.65	3.41	"b"
6.7	3.57	"b"
4.91	2.88	"b"
5.17	4.11	"b"
6.35	3.63	"b"
5.5	1.9	"b"
4	1.08	"b"
3.97	1.48	"b"
5.47	3.7	"b"
4.67	2.32	"b"
4.3	3.15	"b"
4.19	5.03	"b"
4.38	1.92	"b"
4.97	4.81	"b"
5.21	4.06	"b"
3.46	2.24	"b"
5.16	0.89	"b"
4.18	1.84	"b"
3.07	2.99	"b"
4.6	1.68	"b"
5.33	5.97	"b"
5.82	2.67	"b"
4.58	2.81	"b"
5.96	1.99	"b"
4.5	1.84	"b"
4.58	1.32	"b"
4.51	2.63	"b"
3.38	1.95	"b"
4.04	3.26	"b"
4.84	2.61	"b"
4.57	4.34	"b"
5.78	2.99	"b"
4.85	4.35	"b"
5.45	2.81	"b"
5.35	3.68	"b"
4.6	2.33	"b"
4.55	4.23	"b"
4.02	1.84	"b"
4.32	3.38	"b"
5.05	1.97	"b"
5.18	2.62	"b"
3.32	3.38	"b"
4.42	2.11	"b"
4.36	3.73	"b"
4.77	3.14	"b"
2.6	2.71	"b"
5.48	2.62	"b"
3.5	5.21	"b"
3.04	2.67	"b"
5.71	4.55	"b"
4.37	3.23	"b"
5.31	3.04	"b"
4.72	3.51	"b"
5.8	4.58	"b"
4.13	3.33	"b"
3.72	5.47	"b"
5.59	3.58	"b"
5.05	2.68	"b"
4.35	5.23	"b"
5.21	2.83	"b"
5.53	3.36	"b"
5.25	2.53	"b"
3.77	5.56	"b"
3.69	1.76	"b"
4.04	1.97	"b"
5.26	4.54	"b"
4.35	3.71	"b"
5.46	3.91	"b"
5.09	1.28	"b"
4.68	3.62	"b"
6.16	3.97	"b"
6.06	1.37	"b"
5.45	1.88	"b"
4.93	2.56	"b"
6.21	1.62	"b"
4.41	2.83	"b"
3.18	3.2	"b"
5.39	4.04	"b"
4.53	3.91	"b"
5.52	3.15	"b"
4.12	4.73	"b"
4.46	2.98	"b"
5.24	3.79	"b"
5.24	2.71	"b"
4.39	3.63	"b"
4.99	3.61	"b"
5.27	3.97	"b"
6.65	3.72	"b"
3.58	3.58	"b"
3.16	3.65	"b"
5.12	1.48	"b"
5.36	3.29	"b"
5.11	1.69	"b"
4.36	4.42	"b"
4.47	0.91	"b"
3.23	1.71	"b"
6.08	3.43	"b"
5.68	6.21	"b"
5.34	1.49	"b"
4.85	3.02	"b"
6.07	4.8	"b"
4.2	3.34	"b"
5.86	2.01	"b"
6.32	4.43	"b"
8.06	1.9	"b"
4.41	4.63	"b"
4.94	2.98	"b"
5.62	3.18	"b"
5.43	4.34	"b"
6.75	2.78	"b"
3.04	3.68	"b"
5.74	2.05	"b"
5.95	3.12	"b"
6.87	2.75	"b"
6.3	2.32	"b"
4.05	2.55	"b"
4.22	2.82	"b"
4.09	2.65	"b"
5.19	2.6	"b"
4.58	1.57	"b"
4.52	3.35	"b"
2.82	4.42	"b"
5.52	4.73	"b"
6.17	3.17	"b"
6.91	3.48	"b"
5.71	3.12	"b"
5.74	1.46	"b"
4.58	1.81	"b"
4.42	3.81	"b"
5.83	3.27	"b"
5.09	3.09	"b"
4.74	2.93	"b"
5.47	0.82	"b"
4.06	2.55	"b"
5.86	2.25	"b"
4.6	3.66	"b"
5.22	3.5	"b"
6.95	5.03	"b"
4.68	2.82	"b"
6.05	1.22	"b"
5.23	3.02	"b"
7.06	1.9	"b"
5.74	3.75	"b"
4.64	1.38	"b"
3.88	4.01	"b"
5.52	2.26	"b"
3.51	2.66	"b"
3.31	1.52	"b"
6.02	2.28	"b"
3.76	3.17	"b"
4.62	3.15	"b"
5.94	2.65	"b"
3.33	3.57	"b"
3.03	3.07	"b"
5.12	2.64	"b"
5.44	2.91	"b"
3.45	3.52	"b"
4.74	4.55	"b"
6.25	1.92	"b"
4.34	2.51	"b"
4.02	1.47	"b"
5.74	1.95	"b"
5.19	2.51	"b"
4.83	3.08	"b"
4.27	3.44	"b"
6.56	4.16	"b"
3.77	5.38	"b"
3.01	1.71	"b"
4.68	2.91	"b"
4.94	2.14	"b"
4.26	0.74	"b"
6.81	2.39	"b"
5.44	2.62	"b"
4.07	2.79	"b"
3.16	2.3	"b"
4.83	1.84	"b"
6.14	2.44	"b"
4.82	2.24	"b"
6.01	3.61	"b"
4.94	3.66	"b"
4.44	3.74	"b"
4.67	3.05	"b"
4.98	3.46	"b"
4.51	3.43	"b"
5.64	4.05	"b"
6.2	4.7	"b"
5.5	2.65	"b"
3.96	2.32	"b"
5.45	3.23	"b"
4.66	2.49	"b"
4.77	1.21	"b"
3.12	4.25	"b"
5.61	3.68	"b"
5.24	4.34	"b"
5.98	2.94	"b"
5.5	3.31	"b"
4.03	4.11	"b"
5.31	2.05	"b"
5.96	3.97	"b"
4.52	2.52	"b"
4.7	3.2	"b"
2.78	4.2	"b"
3.78	4.47	"b"
5.67	1.97	"b"
7.47	3.72	"b"
4.18	3.28	"b"
5.97	4.37	"b"
6.71	3.54	"b"
5.92	4	"b"
4.51	3.32	"b"
6.01	3.24	"b"
4.03	2.48	"b"
5.54	3.45	"b"
4.23	2.88	"b"
3.35	2.18	"b"
4.96	0.44	"b"
4.74	3.64	"b"
4.66	3.56	"b"
5.38	3.29	"b"
5.33	2.38	"b"
4.31	4.95	"b"
5.15	2.43	"b"
3.7	3.52	"b"
5.97	2.24	"b"
3.21	4.52	"b"
3.86	4.22	"b"
3.92	2.22	"b"
4.77	4.43	"b"
5.11	3.89	"b"
5.43	2.28	"b"
6.03	0.98	"b"
5.25	2.19	"b"
3.32	5.08	"b"
4.6	3.79	"b"
5.53	3.69	"b"
7.44	3.39	"b"
4.78	3.61	"b"
5.18	5.01	"b"
4.95	4.1	"b"
6.09	3.13	"b"
5.73	2.57	"b"
5.16	4.18	"b"
4.91	2.8	"b"
5.97	2.44	"b"
2.62	2.34	"b"
6.56	2.43	"b"
6.03	4.24	"b"
5.54	2.84	"b"
5.56	4.61	"b"
5.88	1.79	"b"
6.57	3.39	"b"
7.36	3.09	"b"
5.35	0.87	"b"
5.86	4.11	"b"
5.03	2.61	"b"
3.64	2.42	"b"
5.59	3.17	"b"
5.68	0.9	"b"
4.1	2.46	"b"
4.72	4.38	"b"
2.6	2.88	"b"
4.57	2.4	"b"
5.71	3.06	"b"
4.69	2.52	"b"
5.2	2.88	"b"
7.33	3.08	"b"
6.67	3.14	"b"
3.67	2.7	"b"
4.27	3.41	"b"
6.24	1.52	"b"
5.3	3.3	"b"
4.99	2.24	"b"
4.39	4.07	"b"
5.31	4.04	"b"
6.46	1.61	"b"
3.96	2.43	"b"
5.17	3.1	"b"
6.63	4.73	"b"
3.32	2.39	"b"
4.44	3.59	"b"
4.87	2.85	"b"
5.36	2.25	"b"
6.08	2.1	"b"
4.69	4.4	"b"
4.64	3.85	"b"
4.75	3.16	"b"
4.74	2.88	"b"
5.67	1.88	"b"
5.52	3.52	"b"
5.4	1.66	"b"
5.19	2.61	"b"
4.93	4.47	"b"
4.99	3.01	"b"
4.23	3.97	"b"
2.39	5.51	"b"
3.2	4.37	"b"
4.76	5.08	"b"
4.95	3.28	"b"
6.5	1.94	"b"
4.48	1.35	"b"
4.58	3.48	"b"
5.57	1.48	"b"
6.15	3.54	"b"
4.09	1.99	"b"
